[
  {
    "name": "الأهرامات",
    "description": "واحدة من عجائب الدنيا السبع في الجيزة.",
    "coordinates": [29.9792, 31.1342]
  },
  {
    "name": "المتحف المصري",
    "description": "يضم أضخم مجموعة من الآثار الفرعونية.",
    "coordinates": [30.0478, 31.2336]
  },
  {
    "name": "خان الخليلي",
    "description": "منطقة تسوق تقليدية وتاريخية في القاهرة.",
    "coordinates": [30.0477, 31.2625]
  },
  {
    "name": "قلعة صلاح الدين",
    "description": "قلعة تاريخية على تلال القاهرة.",
    "coordinates": [30.0299, 31.2617]
  },
  {
    "name": "شرم الشيخ",
    "description": "وجهة مشهورة للغوص والمنتجعات السياحية.",
    "coordinates": [27.9158, 34.3299]
  },
  {
    "name": "وادي الملوك",
    "description": "موقع دفن ملوك الفراعنة في الأقصر.",
    "coordinates": [25.7402, 32.6014]
  }
]